Date,Open,High,Low,Close,Adj Close,Volume
1,255.559998,256.589996,250.509995,254.990005,254.990005,7176700
2,255.380005,260.950012,253.559998,260.720001,260.720001,4195000
3,260.329987,260.649994,255.020004,255.25,255.25,3604300
4,252.059998,254.559998,241.899994,242.179993,242.179993,4905800
5,236,243.800003,230.509995,230.770004,230.770004,6590200
6,202.789993,231.399994,195,218.869995,218.869995,9581600
7,230.520004,230.899994,219.119995,220.029999,220.029999,4327300
8,227.929993,228,215.509995,224.839996,224.839996,4963000
9,231,244.75,230.809998,242.990005,242.990005,7656000
10,241.860001,251.449997,241.570007,248.479996,248.479996,5513700
11,245.619995,254.949997,245.509995,249.059998,249.059998,4700200
12,240.339996,246,236.970001,238.630005,238.630005,5454800
13,245.300003,247.880005,239.779999,247.690002,247.690002,4629200
14,252.059998,252.080002,245,245.570007,245.570007,4194800
15,240.889999,244.089996,238.199997,241.929993,241.929993,3689200
16,245.050003,249.160004,244.050003,248.169998,248.169998,3138200
17,252.050003,254.25,248.300003,248.910004,248.910004,3390800
18,247.229996,250.720001,245.330002,248.479996,248.479996,2709000
19,247.639999,250.240005,244.729996,250.240005,250.240005,2350800
20,251.100006,254.25,249.669998,253.190002,253.190002,2890900
21,252.75,254.600006,249.5,253.570007,253.570007,2933500
22,253.039993,262.880005,252.880005,262.25,262.25,4417100
23,263.959991,265.5,260.690002,262.070007,262.070007,3585800
24,257.959991,263.820007,257.5,260.619995,260.619995,3763100
25,263.980011,271.570007,255.800003,264.200012,264.200012,6120200
26,259.029999,262.649994,255.869995,260.940002,260.940002,3664400
27,261.950012,262.079987,257.579987,261.059998,261.059998,2600800
28,259.529999,263.450012,256.209991,263.119995,263.119995,3448200
29,266.609985,266.910004,256.149994,256.910004,256.910004,3773400
30,257.350006,259.790009,246.610001,248.429993,248.429993,4901100
31,250.460007,254.729996,245.460007,246.649994,246.649994,3703200
32,252,252.399994,242.339996,248.399994,248.399994,4929600
33,247.509995,248.5,237.130005,239.880005,239.880005,4573000
34,235.600006,247.699997,234.929993,247.570007,247.570007,4424000
35,248.839996,249.839996,244.130005,246.149994,246.149994,3689900
36,240,243.029999,235.580002,241.460007,241.460007,5225200
37,236.630005,237.699997,229.119995,231.960007,231.960007,6814000
38,230.080002,230.720001,221.309998,226.720001,226.720001,6133200
39,220.929993,224.369995,218.360001,220.690002,220.690002,6158400
40,222.990005,223,215.270004,215.580002,215.580002,3836300
41,213.279999,222.520004,211.130005,219.25,219.25,5171500
42,220.669998,220.949997,215.429993,216.880005,216.880005,3104400
43,216.429993,221.729996,213.699997,221.309998,221.309998,2844200
44,223.039993,230.479996,222.869995,227.009995,227.009995,4334500
45,226.5,231.149994,224.940002,228.100006,228.100006,2507900
46,227.720001,228.600006,202,213.029999,213.029999,14900000
47,211.990005,214.809998,208.800003,210.089996,210.089996,4151500
48,211.559998,215.75,209.399994,211.720001,211.720001,2825200
49,215,215.350006,207.690002,209.089996,209.089996,4235500
50,211.380005,215.880005,210,215.259995,215.259995,3391400
51,214.839996,217.100006,207.509995,210.350006,210.350006,3519400
52,211.309998,213.449997,208.300003,212.960007,212.960007,2728600
53,211.75,213.75,210.639999,211.630005,211.630005,1805000
54,210.399994,211.630005,203.889999,206.929993,206.929993,4438900
55,208.919998,215.800003,207.220001,213.789993,213.789993,3927900
56,213.850006,214.440002,207.75,208.350006,208.350006,8332500
57,227,232.740005,225.199997,231.630005,231.630005,12726400
58,230.580002,234.580002,229.190002,231.770004,231.770004,4496800
59,230.699997,233.360001,229.5,232.360001,232.360001,2445300
60,232.990005,232.990005,224.309998,225.330002,225.330002,3850900
61,223.479996,223.699997,216.080002,216.5,216.5,4617000
62,217.770004,219.479996,213.630005,219.080002,219.080002,3347800
63,217.850006,219,212.660004,212.940002,212.940002,2915900
64,212.949997,212.990005,206.520004,207.190002,207.190002,3430300
65,206.089996,214.979996,205.800003,214.309998,214.309998,2925400
66,215.199997,216,211.399994,214,214,2148700
67,214.5,221.380005,212.520004,221.070007,221.070007,2811900
68,220.539993,226.190002,220.300003,221.800003,221.800003,2504400
69,223.490005,225,213.580002,220.009995,220.009995,4400700
70,217.350006,219.179993,214.679993,217.75,217.75,2526200
71,215.369995,221,215,218.25,218.25,2480300
72,221.339996,230.830002,220.380005,229.639999,229.639999,3990800
73,231.059998,232.25,227.009995,231.610001,231.610001,1949400
74,231.789993,234.279999,229.080002,230.259995,230.259995,2659800
75,231.059998,238,231.050003,237.190002,237.190002,3734000
76,237,238.600006,231.229996,231.990005,231.990005,2981500
77,235.479996,237.449997,230,232.710007,232.710007,2939600
78,232.460007,233.270004,227.660004,230.380005,230.380005,2573600
79,227.699997,235.630005,226.149994,231.130005,231.130005,3144200
80,227.520004,228.800003,224.199997,226.720001,226.720001,2687600
81,226.699997,227.5,220.720001,224.520004,224.520004,3057800
82,224.710007,228.490005,223.639999,227.070007,227.070007,2071700
83,225.240005,225.75,216.639999,217.020004,217.020004,3268700
84,217.509995,220.919998,214.869995,218.580002,218.580002,2827100
85,221.820007,222.220001,218,221.089996,221.089996,2244400
86,222.100006,234.880005,220.729996,234.509995,234.509995,5104300
87,233.940002,237.759995,229.809998,233.389999,233.389999,3298600
88,232.889999,235.899994,229.289993,230.460007,230.460007,3014200
89,231.690002,235.830002,231.080002,232.559998,232.559998,1953200
90,234.990005,236.550003,229.630005,229.949997,229.949997,1961500
91,232.179993,233.449997,228.130005,229.699997,229.699997,1555000
92,230.559998,231.880005,228.279999,230.570007,230.570007,708000
93,231.490005,231.979996,225.539993,228.949997,228.949997,1901300
94,230.059998,237.720001,229.550003,237.190002,237.190002,2406300
95,236.600006,243.630005,235.669998,238.089996,238.089996,3697900
96,238.509995,243.449997,238.369995,240.009995,240.009995,2715000
97,230.720001,231.380005,219,223.410004,223.410004,6827100
98,226.360001,226.889999,220,223.429993,223.429993,3186800
99,220,220.050003,215.979996,219.039993,219.039993,3779100
100,214.190002,218.440002,213.669998,215.649994,215.649994,3554300
101,217.860001,220.440002,210.770004,211,211,3628100
102,214.009995,214.449997,203,207.850006,207.850006,4091400
103,211.600006,213.740005,205.309998,209.970001,209.970001,3091900
104,212.009995,212.649994,200,200.309998,200.309998,4126400
105,202.210007,210,193.380005,206.179993,206.179993,6490700
106,198.970001,205.070007,197.25,204.990005,204.990005,5578600
107,208.710007,210.470001,200.779999,204.720001,204.720001,4038700
108,199.399994,201.279999,191.25,198.699997,198.699997,5838600
109,201.550003,203.229996,195.020004,199.970001,199.970001,3166200
110,204.800003,205.5,199.029999,202.550003,202.550003,3124100
111,200.059998,203.570007,195.880005,196.380005,196.380005,2698700
112,196.699997,197.820007,188.880005,193.559998,193.559998,4964200
113,192.380005,193.259995,185.770004,188.070007,188.070007,3617200
114,190.789993,191.279999,182.410004,189.699997,189.699997,4592800
115,189.949997,193.740005,188.080002,191.199997,191.199997,2852300
116,188.759995,199.520004,182.75,196.940002,196.940002,5297600
117,192.419998,193.119995,180.229996,182.779999,182.779999,5773600
118,183.589996,183.940002,170.179993,173.479996,173.479996,7931400
119,170.699997,175.979996,166.990005,175.330002,175.330002,4385400
120,171.300003,173,157.740005,162.600006,162.600006,9437600
121,157.100006,157.149994,146,147.990005,147.990005,9313000
122,142.320007,159.789993,141.050003,148.25,148.25,8651600
123,150.5,154.970001,141.740005,143.669998,143.669998,10406500
124,152,163.259995,147,150.470001,150.470001,14252400
125,155,157.009995,143.699997,151.039993,151.039993,7235800
126,158.699997,162.949997,154.110001,155.169998,155.169998,5593800
127,159,169.339996,156.679993,168.679993,168.679993,5825200
128,172.419998,172.949997,164.770004,166.770004,166.770004,3887600
129,163.660004,167.490005,162.5,166.580002,166.580002,2959400
130,170.119995,178.910004,169.850006,177.740005,177.740005,5060100
131,176.160004,181.729996,173.679993,177.210007,177.210007,5984400
132,172.75,179.5,167.839996,179,179,5395600
133,178.649994,188.520004,175.199997,187.429993,187.429993,5750700
134,188.699997,192,185,190.339996,190.339996,6065100
135,192.399994,196.350006,189.220001,191.929993,191.929993,4499000
136,194.25,195.949997,182.699997,186.350006,186.350006,6712200
137,183.729996,188.520004,181.5,188.339996,188.339996,4862400
138,188.279999,197.419998,184.220001,195.740005,195.740005,4829000
139,198,204.029999,197.5,201.039993,201.039993,6489100
140,197.679993,209.699997,197.399994,205.289993,205.289993,5329400
141,203.5,207.5,202.199997,202.600006,202.600006,4178700
142,204.520004,209.369995,202.789993,208.720001,208.720001,3208600
143,210,213.289993,200.669998,205.179993,205.179993,5192500
144,207.929993,209.419998,205.330002,207.5,207.5,3343100
145,212.649994,216.720001,210.639999,215.149994,215.149994,4065700
146,214.270004,218.970001,211.5,218.339996,218.339996,3180500
147,218,222.580002,217.020004,221.929993,221.929993,3516700
148,221.470001,228.5,220,226.380005,226.380005,3782900
149,229.100006,234.479996,228.059998,232.740005,232.740005,4711800
150,235.339996,239.880005,235,238.320007,238.320007,5307800
151,237.210007,238.990005,232.559998,234.240005,234.240005,4316000
152,232.369995,234.729996,222.029999,222.580002,222.580002,4948800
153,215.779999,228.889999,215,227.75,227.75,4960900
154,231.610001,234.809998,225,230.259995,230.259995,3925700
155,229.889999,232.380005,225.330002,230.130005,230.130005,4014300
156,235.089996,235.5,226.5,226.889999,226.889999,4033000
157,229.339996,237.419998,225.009995,229.770004,229.770004,8012900
158,244.830002,247.899994,233.25,237.589996,237.589996,15997500
159,249.119995,252.119995,243.639999,246.990005,246.990005,13475300
160,240.5,256.559998,240,255.470001,255.470001,9948700
161,253.970001,267.73999,253.449997,265.420013,265.420013,11705500
162,266.450012,269.339996,254.509995,257.200012,257.200012,8856200
163,260.5,260.820007,248.020004,250.070007,250.070007,7363900
164,251,258.98999,245.300003,249.919998,249.919998,9161700
165,249.5,251.800003,243.630005,247.820007,247.820007,5763200
166,248.509995,255.5,247.330002,254.529999,254.529999,4925600
167,253,256.839996,251.050003,251.860001,251.860001,4132200
168,251.309998,254.600006,249.119995,254.509995,254.509995,3752400
169,252.229996,258.309998,251.660004,253.880005,253.880005,4271400
170,253.119995,254.369995,241.25,247.369995,247.369995,6357500
171,246.259995,253.660004,241.5,249.970001,249.970001,5194100
172,248.990005,250.899994,246.910004,248.289993,248.289993,2783100
173,248.889999,254,245.710007,253.75,253.75,3786300
174,253.009995,257.380005,250.759995,251.820007,251.820007,3670300
175,252.050003,255.729996,249.389999,253.740005,253.740005,3223800
176,252.75,255,249.399994,251.470001,251.470001,3205800
177,249.850006,253.429993,247.440002,247.710007,247.710007,2519000
178,248.139999,248.429993,237.809998,240.759995,240.759995,5413800
179,241.5,243.190002,234.820007,241.800003,241.800003,3843900
180,237.360001,238.910004,231.619995,232.320007,232.320007,4302200
181,230.289993,234.460007,220.399994,222.559998,222.559998,8700500
182,228.460007,228.639999,209.789993,211.529999,211.529999,11254800
183,210.869995,216.369995,208.110001,214.929993,214.929993,5685200
184,215.720001,216.149994,206.800003,208.919998,208.919998,4776400
185,207.550003,209.470001,205,208.690002,208.690002,4070600
186,207.589996,215.479996,206.050003,208.960007,208.960007,5161900
187,211.440002,211.669998,203.660004,207.279999,207.279999,3650500
188,207.779999,211.199997,206.699997,207.610001,207.610001,2822800
189,208.149994,213.149994,207.919998,208.289993,208.289993,2949400
190,209.050003,209.820007,204.020004,204.660004,204.660004,2843600
191,209.149994,215.309998,207.75,211.169998,211.169998,5617500
192,213.619995,216.789993,207.300003,215.210007,215.210007,6866300
193,216.990005,220.550003,216.350006,220.279999,220.279999,9007100
194,219.869995,222.600006,215.860001,216.220001,216.220001,5102500
195,216.600006,218.740005,215.179993,217.910004,217.910004,3013800
196,217.910004,221.360001,216.509995,219.580002,219.580002,3126800
197,220.5,225.259995,219.050003,225.119995,225.119995,4072400
198,224.990005,225.929993,220.75,223.039993,223.039993,3650300
199,223.039993,224.75,221.5,223.229996,223.229996,2789000
200,221.479996,222.399994,216.889999,219.559998,219.559998,2982700
201,219.589996,219.910004,217.110001,218.960007,218.960007,2032800
202,220,221.940002,218.009995,218.990005,218.990005,2229000
203,218,220.899994,215.449997,220.679993,220.679993,2249500
204,222.240005,234.440002,221.520004,232.339996,232.339996,6213600
205,233.800003,240.850006,232.610001,235.520004,235.520004,5972000
206,234.979996,235.330002,227.059998,229.360001,229.360001,4492100
207,227.389999,227.970001,218.419998,218.789993,218.789993,6026600
208,219.5,225.770004,217.660004,217.869995,217.869995,4193000
209,218.880005,222.199997,212.529999,214.960007,214.960007,3580200
210,216.949997,221.899994,215.130005,217.699997,217.699997,2908500
211,217.419998,218.039993,213.5,217.929993,217.929993,2440300
212,217.809998,219.990005,214.5,215.470001,215.470001,3112600
213,219.5,223.75,218.229996,219.699997,219.699997,3555500
214,220.679993,222.570007,218.809998,219.610001,219.610001,4529000
215,199.470001,205.949997,195.75,196.660004,196.660004,23742400
216,195.690002,197.550003,192.130005,196.399994,196.399994,10130700
217,190.050003,195.119995,189.729996,193.149994,193.149994,7026500
218,190.860001,198.809998,187.869995,198.550003,198.550003,7205400
219,201.889999,204.050003,199.410004,201.789993,201.789993,6212400
220,205.130005,211.779999,203,210.190002,210.190002,5994900
221,212.970001,213.5,209.020004,212.279999,212.279999,4843100
222,206.139999,218.240005,206,216.5,216.5,5400000
223,209.729996,214.539993,208,213.979996,213.979996,5175300
224,210,215.229996,209,214.440002,214.440002,4919900
225,213.100006,218.119995,213.009995,215.940002,215.940002,3612000
226,217.800003,219.809998,214.5,216.779999,216.779999,4074800
227,219.960007,226.779999,219.509995,224.779999,224.779999,5429800
228,224.100006,227.5,223.220001,224.649994,224.649994,4571300
229,225.5,225.589996,220.289993,222.529999,222.529999,3567100
230,223.119995,224.940002,221.050003,221.529999,221.529999,2675800
231,222.520004,222.75,219.639999,220.399994,220.399994,2234200
232,219.639999,227.089996,218.300003,226.25,226.25,3412100
233,225,229.100006,224.75,225.259995,225.259995,3115100
234,226.470001,229.800003,225,228.360001,228.360001,2568500
235,226,227.850006,219.100006,220.5,220.5,4428700
236,221.990005,224.5,218.880005,222.270004,222.270004,2579700
237,222.270004,231.389999,221.369995,230.009995,230.009995,4490700
238,227.690002,230,225.300003,229.509995,229.509995,3430000
239,229.339996,233.360001,226.919998,228.490005,228.490005,2889000
240,227.949997,230.759995,226.600006,230.610001,230.610001,2419100
241,230.699997,235.279999,230.240005,234.789993,234.789993,3070800
242,235.5,236.630005,229.380005,230.009995,230.009995,4016300
243,229.369995,229.869995,221.399994,227.199997,227.199997,3934400
244,227.369995,229.699997,224.210007,225.789993,225.789993,3887800
245,225.690002,230.860001,222.050003,230.610001,230.610001,4147000
246,230,232,227.399994,230.029999,230.029999,3205200
247,228,229.600006,226.089996,226.160004,226.160004,2263600
248,226.820007,231.539993,226.649994,229.080002,229.080002,2207800
249,228.240005,229.869995,224.619995,225.649994,225.649994,2338300
250,226.169998,227.570007,223.410004,224.910004,224.910004,1880900
251,225.410004,226.649994,224.039993,225.610001,225.610001,1813500
252,226.020004,229.5,224.929993,225.589996,225.589996,2034300
253,225.490005,227.190002,223.410004,223.610001,223.610001,2267100
254,224.330002,224.830002,222.800003,223.240005,223.240005,1787100
255,223.820007,225.660004,222.289993,223.509995,223.509995,1714500
256,223.539993,225.169998,222.529999,225,225,1659500
257,224.169998,225.110001,222.679993,222.929993,222.929993,2065500
258,224.320007,228.490005,222.800003,224.839996,224.839996,4784400
259,227.050003,227.149994,222.220001,222.619995,222.619995,2570700
260,223.110001,223.800003,220.770004,220.960007,220.960007,1762500
261,222.139999,222.860001,218.820007,219.990005,219.990005,2239000
262,220.149994,220.399994,215,215.199997,215.199997,3266300
263,216.110001,216.110001,210.520004,211.339996,211.339996,3168900
264,210.429993,212.600006,208.649994,212.009995,212.009995,3276500
265,209.009995,211.100006,200.5,200.770004,200.770004,7943100
266,202.330002,203.199997,196.199997,197.779999,197.779999,5977400
267,199.020004,203.25,199,202.830002,202.830002,4390600
268,205.5,206.5,200.710007,201.710007,201.710007,3640900
269,199.550003,199.889999,196.360001,197.360001,197.360001,3377900
270,199.089996,199.919998,193.699997,194.470001,194.470001,3757000
271,195,201.369995,194.100006,198.300003,198.300003,3715200
272,197.059998,198.490005,193.449997,196.050003,196.050003,3589400
273,195.75,197.919998,194.860001,196.410004,196.410004,2254500
274,196.490005,202.520004,196.399994,200.419998,200.419998,3077200
275,200.419998,205.699997,199,205.399994,205.399994,3107800
276,207,209.429993,205,206.339996,206.339996,2299500
277,206.850006,207.75,203.910004,204.639999,204.639999,2410500
278,206.369995,207,201.559998,205.220001,205.220001,2633500
279,206.399994,207.279999,203,206.429993,206.429993,2382900
280,205.990005,210.179993,205.669998,207.449997,207.449997,2905200
281,206.5,211,206.5,208.990005,208.990005,2394400
282,209.649994,209.979996,204.610001,205.809998,205.809998,3373200
283,207.509995,208.25,205.259995,206.270004,206.270004,2088400
284,205.600006,207.330002,200.580002,200.699997,200.699997,2727000
285,202.210007,204.979996,199.550003,204.029999,204.029999,2586300
286,212.300003,215.669998,208.25,213.699997,213.699997,5999900
287,213.100006,213.320007,208.820007,211.410004,211.410004,3541500
288,212.240005,213.149994,208.119995,208.460007,208.460007,1877500
289,202.460007,204.210007,200.210007,201,201,4703400
290,201,201.320007,195.800003,196.610001,196.610001,3493000
291,201.350006,204.139999,199.660004,200.949997,200.949997,3316300
292,201.850006,202.199997,198.309998,200.100006,200.100006,2328400
293,200.949997,203.880005,200.419998,201.509995,201.509995,1970700
294,200.5,200.899994,197.050003,200.240005,200.240005,2494600
295,200.660004,201.429993,196.300003,196.509995,196.509995,4269900
296,197.050003,198.389999,192,193.960007,193.960007,4554100
297,195.990005,199.470001,193.259995,199.100006,199.100006,5680500
298,199.740005,206.660004,198.059998,203.559998,203.559998,6991200
299,202.119995,203,197.050003,199.100006,199.100006,5072900
300,198.600006,201.570007,197.410004,200.089996,200.089996,2943400
301,201,203.949997,200.25,202.759995,202.759995,2751600
302,202.899994,204.690002,201.199997,202.339996,202.339996,2445000
303,201,203.190002,200.100006,202.240005,202.240005,5632800
304,211.339996,213.699997,201.649994,204.009995,204.009995,13093700
305,204,205.320007,199.830002,199.970001,199.970001,4280100
306,202.490005,202.490005,195.809998,197.729996,197.729996,4692300
307,198.039993,198.5,188.110001,190.789993,190.789993,7060000
308,190.050003,192.699997,187.509995,188.020004,188.020004,4253400
309,189,191.470001,187.039993,187.419998,187.419998,2653000
310,189,193.460007,185.960007,190.559998,190.559998,5146000
311,193.589996,194.289993,190.050003,193.210007,193.210007,3870100
312,193.789993,197.490005,191.259995,194.940002,194.940002,3267600
313,186.880005,192,183.949997,190.059998,190.059998,8173100
314,191.050003,191.610001,180.419998,185.350006,185.350006,6750300
315,184.240005,188.880005,183,188.559998,188.559998,3988500
316,188,188.25,178.190002,181.449997,181.449997,6552200
317,182.779999,186.429993,182.050003,183.770004,183.770004,3902000
318,182.649994,184.729996,181.210007,183.929993,183.929993,3434400
319,183.490005,189.490005,182.110001,188.660004,188.660004,4887100
320,190.649994,193,185,185.020004,185.020004,5210300
321,185.039993,188.889999,184.410004,184.520004,184.520004,4361000
322,185.839996,191.470001,183.710007,191.169998,191.169998,5603400
323,190.610001,195.639999,189,193.139999,193.139999,4891900
324,193.639999,197.240005,193.639999,196.649994,196.649994,2366100
325,195.479996,199.350006,194.550003,196.119995,196.119995,4529200
326,195.559998,196.729996,189.5,189.570007,189.570007,4439300
327,191,191.889999,187.5,189.399994,189.399994,3547100
328,188.25,188.529999,181,181.880005,181.880005,5126400
329,182.880005,184.880005,180,181.470001,181.470001,4042300
330,182.509995,188.889999,182.509995,186.800003,186.800003,4072200
331,185.520004,186.580002,182.679993,185.850006,185.850006,3391600
332,186.149994,193.399994,185,193.149994,193.149994,5461900
333,192.050003,192.5,189.539993,192.289993,192.289993,3194100
334,190.869995,193.839996,190.809998,192.179993,192.179993,2722500
335,192.800003,194.419998,191.179993,192.429993,192.429993,2438900
336,193.179993,201.279999,193,198.149994,198.149994,6823900
337,198.740005,203,196.759995,198.690002,198.690002,4150900
338,198.410004,200.740005,197.389999,197.580002,197.580002,3219600
339,198.080002,202.589996,197.600006,202.490005,202.490005,3796900
340,202.490005,204.449997,199.839996,202.729996,202.729996,3488100
341,203.050003,209,202.5,208.789993,208.789993,4689100
342,208.449997,212.229996,207.410004,207.699997,207.699997,5207600
343,208.220001,209.990005,206.5,208.449997,208.449997,3111100
344,208,213.449997,207.710007,213.339996,213.339996,4670500
345,214.880005,222.25,214.419998,219.529999,219.529999,5915700
346,221.529999,223.800003,217.199997,219.740005,219.740005,3782500
347,218.559998,219.199997,214.119995,214.679993,214.679993,4045000
348,216.300003,217.5,211.679993,213.690002,213.690002,4642600
349,214.860001,220.330002,210.960007,216.990005,216.990005,5923300
350,214.75,228,214.309998,226.990005,226.990005,11213500
351,226.419998,227.479996,221.949997,226.75,226.75,5911700
352,226.929993,230.309998,225.449997,229.009995,229.009995,5527900
353,228.970001,231.919998,228,231.279999,231.279999,3979500
354,232,232,226.889999,229.869995,229.869995,3660000
355,229.070007,229.979996,226.679993,229.729996,229.729996,3650800
356,229.059998,230.699997,225.580002,229.589996,229.589996,3790200
357,230,237.850006,229.589996,237.75,237.75,6093000
358,236.699997,239.960007,234.369995,235.580002,235.580002,4617500
359,236.649994,239.710007,235.580002,238.360001,238.360001,3769000
360,247.25,248.679993,240.75,243.759995,243.759995,7732300
361,245.460007,246,243.009995,244.729996,244.729996,4204300
362,245.850006,250.889999,245.5,248.919998,248.919998,6262900
363,250,254.800003,249.649994,254.610001,254.610001,4965500
364,257.309998,258.459991,251.800003,254.470001,254.470001,5142600
365,254.289993,255.740005,250.75,252.509995,252.509995,3152100
366,251.380005,253,248.520004,252.949997,252.949997,3166300
367,252.529999,255.289993,247.100006,250.630005,250.630005,3801100
368,249.240005,255.889999,247.699997,251.929993,251.929993,4116100
369,253.050003,253.199997,249.050003,249.240005,249.240005,3958800
370,248.339996,252.419998,247.710007,251.550003,251.550003,2499800
371,251.910004,252.179993,249.679993,251.330002,251.330002,2186700
372,251,257.820007,250.630005,257.769989,257.769989,3562500
373,258.190002,260,256.420013,257.480011,257.480011,4244800
374,257.350006,263.359985,256.200012,262.079987,262.079987,3933000
375,266.25,271.179993,266.149994,269.200012,269.200012,7820200
376,269.790009,270.950012,266.109985,269.230011,269.230011,3619700
377,270.73999,280.790009,270.51001,280.600006,280.600006,7029600
378,279.029999,287.390015,278.609985,280.980011,280.980011,7345200
379,280,282.23999,276.440002,279.76001,279.76001,4947900
380,277.600006,280,268.5,268.950012,268.950012,7077300
381,265.799988,272.890015,264.149994,272.230011,272.230011,6257100
382,275.450012,281.399994,274.01001,277.390015,277.390015,5676700
383,280.309998,283.450012,272.600006,273.51001,273.51001,8755000
384,264,264.660004,255.559998,255.990005,255.990005,14915200
385,252.660004,258.25,250.199997,257,257,8171600
386,248.169998,248.360001,242.009995,246.229996,246.229996,11460800
387,244.190002,251,243.899994,249.990005,249.990005,6078100
388,254.179993,254.850006,249.110001,250.020004,250.020004,4809500
389,249.710007,253.279999,248.270004,250.479996,250.479996,3351800
390,250.740005,251.899994,249,251.570007,251.570007,2919400
391,247.910004,251.699997,247.509995,251.210007,251.210007,3355500
392,251.919998,253.889999,248.320007,248.589996,248.589996,3459500
393,247,250.070007,245.320007,246.869995,246.869995,3725200
394,247.630005,248.660004,243,244.899994,244.899994,3879300
395,246.210007,246.5,243,243.690002,243.690002,3066300
396,244.820007,246.850006,242.779999,246.169998,246.169998,3022600
397,246.110001,258.119995,246.020004,258,258,7598400
398,257,261,254.270004,255.729996,255.729996,5330800
399,262.399994,265.75,259.059998,262.049988,262.049988,7132200
400,264,265.329987,261.200012,261.5,261.5,6497500
401,260.600006,264.549988,258.820007,261.920013,261.920013,3614300
402,262.829987,264.799988,250.240005,250.679993,250.679993,6908600
403,251.559998,255.070007,250.509995,255.009995,255.009995,4059300
404,255.389999,257.670013,253.300003,254.779999,254.779999,3320200
405,255.699997,263.890015,255.009995,263.160004,263.160004,5647300
406,260.600006,270.570007,259.75,270.220001,270.220001,6230800
407,277.019989,280.679993,275,277.450012,277.450012,7987600
408,278.339996,279.600006,275.540009,277.380005,277.380005,3676200
409,278.040009,282,277.209991,277.920013,277.920013,4148400
410,278.730011,279.679993,276.320007,278.299988,278.299988,3294600
411,286.899994,299,284.579987,298.519989,298.519989,13888600
412,296.890015,304.809998,294.529999,303.700012,303.700012,10134600
413,302.040009,304.880005,294.200012,295,295,7880900
414,296.880005,301.940002,294.100006,298.700012,298.700012,5520600
415,297.5,302.690002,297.149994,302.540009,302.540009,4579600
416,309.149994,313.730011,308.709991,312.390015,312.390015,7664500
417,313.380005,313.470001,305.5,308.709991,308.709991,5724600
418,306.339996,308.450012,296.320007,296.839996,296.839996,6050700
419,296.700012,307.390015,295.299988,304,304,9284600
420,302.700012,304,298.679993,301.440002,301.440002,4138700
421,299.700012,300.839996,297.899994,300.25,300.25,3035700
422,302.459991,306.619995,302.109985,305.519989,305.519989,3898000
423,306.51001,309.149994,300.230011,302.51001,302.51001,6149400
424,302,306.399994,300.420013,305.600006,305.600006,4509800
425,309.220001,310.549988,306.019989,308.029999,308.029999,5083500
426,308,313.980011,305.859985,313.790009,313.790009,6737700
427,312.369995,314.5,309,310.170013,310.170013,4695000
428,311.690002,313.089996,307.5,308.630005,308.630005,3468600
429,309.829987,314.799988,308,314.070007,314.070007,4505500
430,314.880005,327.25,314.809998,322.829987,322.829987,8829600
431,324,327.660004,316.559998,318.890015,318.890015,5382800
432,317.670013,321.529999,310.450012,311.019989,311.019989,7133400
433,307.440002,307.769989,290.76001,295.459991,295.459991,14152000
434,298,308.549988,296.799988,308.350006,308.350006,8177300
435,310.899994,313.790009,305.820007,307.190002,307.190002,7006500
436,309.380005,321.98999,309.100006,321.26001,321.26001,9676500
437,321.559998,325.5,318.119995,325.220001,325.220001,5741600
438,323.399994,326,319.600006,323.100006,323.100006,4753800
439,325.480011,327,321.529999,324.809998,324.809998,4121600
440,318.380005,320.200012,312.529999,315.880005,315.880005,7622000
441,317.589996,320.059998,315.140015,317.01001,317.01001,4152500
442,314.390015,314.630005,305.5,306.109985,306.109985,6711900
443,307,313.940002,305.309998,313.059998,313.059998,5653800
444,315.5,316.5,310.200012,310.829987,310.829987,4687600
445,312.799988,314.369995,306.799988,310.350006,310.350006,4329200
446,310.459991,310.730011,303.480011,303.859985,303.859985,4318400
447,306.51001,311,305.399994,310.220001,310.220001,5033300
448,311.019989,316.970001,307.809998,316.829987,316.829987,5014000
449,317.279999,325.48999,316.309998,325.140015,325.140015,7802200
450,326,336.279999,325.76001,335.100006,335.100006,7782900
451,337.690002,342.890015,335.160004,341.01001,341.01001,9963400
452,344,344.880005,337.290009,340.369995,340.369995,7608000
453,339.769989,342.880005,335.929993,339.850006,339.850006,5590200
454,338.5,348.440002,334.209991,347.320007,347.320007,6784400
455,344.700012,359.48999,339.970001,352.850006,352.850006,11086800
456,356.339996,360.5,355.140015,359.649994,359.649994,9398000
457,363.75,371.899994,360.220001,370,370,9061500
458,374.420013,376.869995,354.799988,357.320007,357.320007,17261400
459,357.98999,364.5,350.619995,359.01001,359.01001,10517700
460,367.619995,376,366.609985,375.950012,375.950012,11807900
461,381.089996,384.25,376.309998,380.660004,380.660004,12818400
462,372.5,375.459991,366.48999,375.339996,375.339996,10426500
463,377.980011,378.01001,370.100006,371.399994,371.399994,6731000
464,375,376.700012,367.799988,369.799988,369.799988,6549300
465,376.670013,378.880005,369.730011,372.23999,372.23999,7438700
466,374.350006,376.98999,368.019989,376.399994,376.399994,4923200
467,377.98999,385,373.570007,382.609985,382.609985,7529800
468,382.450012,386.98999,379.350006,383.450012,383.450012,6445800
469,386.690002,386.950012,373.100006,377.48999,377.48999,6604100
470,376.399994,376.399994,362.019989,362.369995,362.369995,6996400
471,366.679993,371.73999,362.519989,371.23999,371.23999,6302500
472,370.609985,371,354.100006,360.75,360.75,8221000
473,363.709991,366.769989,359.619995,361.609985,361.609985,5848500
474,370.23999,371.350006,351.5,352.619995,352.619995,6305400
475,347.200012,347.23999,326.329987,327.089996,327.089996,17046700
476,317.26001,320.790009,306.299988,308.829987,308.829987,19324500
477,313.5,317,307.380005,313.220001,313.220001,14176900
478,312.899994,317.940002,303.130005,316.049988,316.049988,13820900
479,316,327.279999,314.299988,327.220001,327.220001,11559400
480,330.399994,333.100006,324.5,329.519989,329.519989,10346100
481,330.109985,331.600006,319.970001,323.410004,323.410004,8594500
482,323.190002,328.420013,321.220001,327.779999,327.779999,5625200
483,325.540009,327.100006,313.450012,319.570007,319.570007,9876900
484,317.5,329.130005,315.660004,328.23999,328.23999,6373700
485,328.230011,331.649994,323.220001,325.26001,325.26001,6357000
486,326.899994,330.220001,324.200012,329.920013,329.920013,5166200
487,329.459991,331.26001,325.799988,328.399994,328.399994,4901600
488,330.23999,343.399994,330.01001,342.519989,342.519989,8637100
489,345,345.600006,334.149994,339.600006,339.600006,6989200
490,340.359985,345.5,338.119995,343.850006,343.850006,4820800
491,346,347.5,326.290009,334.459991,334.459991,8302400
492,336.890015,339.600006,332.51001,335.070007,335.070007,4880400
493,335.5,341.48999,321.040009,323.470001,323.470001,8535100
494,323,324.450012,316.130005,319.570007,319.570007,8303100
495,318.940002,327.119995,311.220001,325.890015,325.890015,13091500
496,345.329987,350,343.149994,347.089996,347.089996,13535000
497,347,357.269989,343.299988,356.910004,356.910004,9268900
498,357.350006,359.480011,352.75,355.170013,355.170013,6324500
499,357.529999,368.579987,357.399994,365.220001,365.220001,7449800
500,361,370,358.950012,363.529999,363.529999,6892100
501,361.600006,366.649994,354.660004,355.399994,355.399994,7092900
502,356.970001,361.26001,353.619995,357.869995,357.869995,4365800
503,364.630005,367.660004,362.600006,363.799988,363.799988,4519200
504,365.200012,365.48999,359.369995,362.329987,362.329987,3085100
505,363,366.5,362.519989,362.910004,362.910004,3413800
506,361.209991,363.299988,351.589996,351.920013,351.920013,5027700
507,352.910004,354,345.799988,347.459991,347.459991,5408200
508,345.820007,345.820007,331.850006,337.859985,337.859985,6495400
509,341.130005,342.23999,337.369995,341.350006,341.350006,4322000
510,338.98999,353.48999,338.299988,352.769989,352.769989,4954500
511,352.519989,356.660004,349.73999,352.929993,352.929993,4584700
512,354.23999,355.690002,347.299988,348.049988,348.049988,3484000
513,347.279999,347.350006,339.720001,345.660004,345.660004,3764000
514,339.480011,349.049988,338.75,347.359985,347.359985,4073700
515,349.670013,353.470001,347,353.179993,353.179993,3412900
516,353.549988,358.440002,352.820007,355.899994,355.899994,4072800
517,356.119995,357.589996,353.690002,355.399994,355.399994,3049500
518,353.799988,355.48999,345.890015,349.589996,349.589996,3835100
519,349.5,350.980011,341.559998,344.529999,344.529999,4091400
520,345.980011,352.480011,343.450012,350.609985,350.609985,4239200
521,348.98999,349.779999,342.299988,343.399994,343.399994,3263500
522,351.350006,363.709991,350,363.690002,363.690002,7667100
523,364.48999,368.76001,360.399994,362.75,362.75,5972900
524,363.820007,368.070007,359.589996,366.230011,366.230011,4185200
525,364.329987,377.959991,362.630005,377.640015,377.640015,7202500
526,374.51001,380,372.700012,379.809998,379.809998,5420500
527,380.25,389.609985,377.679993,385,385,7188000
528,380,382.390015,373.570007,375.100006,375.100006,6451900
529,373,378.25,371.070007,373.910004,373.910004,4919100
530,374.899994,376.829987,364.51001,366.480011,366.480011,4618200
531,366.48999,369.899994,350.880005,351.089996,351.089996,8159400
532,353.149994,357.470001,342.880005,344.98999,344.98999,7605900
533,350.929993,351.23999,340.899994,345.25,345.25,7156300
534,349.899994,351.48999,340.5,340.970001,340.970001,6060300
535,339.880005,342.75,335.399994,339.600006,339.600006,5319600
536,341.859985,344.679993,338.600006,341.100006,341.100006,5107100
537,342.519989,343.700012,335.51001,341.529999,341.529999,5286800
538,335.899994,348.549988,331.279999,348.140015,348.140015,10153600
539,351.25,358.619995,349.600006,355.01001,355.01001,8163500
540,356,357.440002,351.350006,355.329987,355.329987,4171700
541,353.100006,360.100006,352.25,356.880005,356.880005,4297500
542,349.649994,351.75,342.670013,342.940002,342.940002,7493700
543,346.799988,355.630005,345.529999,355.589996,355.589996,6978500
544,353.890015,357.600006,351.149994,354.600006,354.600006,4500800
545,352.950012,359.779999,352.640015,355.679993,355.679993,4087000
546,356.980011,358.48999,353.679993,355.570007,355.570007,3540500
547,353.76001,354.480011,347.160004,350.600006,350.600006,5375500
548,350.910004,356.220001,350.070007,355.75,355.75,3293300
549,355.970001,363,354.130005,359.649994,359.649994,4939100
550,355.559998,357.149994,348.200012,351.809998,351.809998,5061800
551,352.690002,354.549988,344.339996,345.100006,345.100006,4930400
552,349.880005,349.950012,336.25,337.019989,337.019989,5747300
553,338.799988,342.799988,336.160004,337.339996,337.339996,4491700
554,336.700012,337.5,323.559998,325.839996,325.839996,8594100
555,327.779999,330.230011,323.200012,326.170013,326.170013,5023500
556,319.75,324.589996,316.660004,320.869995,320.869995,6979700
557,319.179993,323.779999,317.25,320.079987,320.079987,4254400
558,320.230011,331.950012,320.179993,331.529999,331.529999,5672300
559,332.25,332.609985,320.26001,321.079987,321.079987,8457300
560,300.130005,308.690002,292.630005,299.26001,299.26001,19791400
561,299.5,306.25,295.130005,306.089996,306.089996,8894000
562,307,307.5,299.01001,302.779999,302.779999,6486000
563,301.019989,306.5,300.029999,306.049988,306.049988,5294300
564,305.5,306.890015,301.299988,304.390015,304.390015,4725300
565,302.5,304.459991,296.299988,302.98999,302.98999,5447100
566,302.5,308.359985,301.850006,302.98999,302.98999,4625400
567,300.130005,316.799988,299.109985,315.399994,315.399994,7584900
568,315,316.350006,306.899994,308.700012,308.700012,5676100
569,306.01001,312.48999,301.5,311.299988,311.299988,5978700
570,313.98999,318.140015,311.299988,312.5,312.5,5822100
571,325.670013,326.670013,313.149994,315.049988,315.049988,13735100
572,313.790009,315.5,304.75,308.73999,308.73999,8247700
573,310.859985,318.230011,308.709991,317.809998,317.809998,7261300
574,316.769989,317.420013,311.839996,312.600006,312.600006,4917600
575,313.790009,316.410004,311,315.549988,315.549988,3244100
576,313.25,317.339996,309.51001,316.809998,316.809998,4555900
577,316.359985,320,313.920013,317.549988,317.549988,4949500
578,317.299988,318,301.230011,307.540009,307.540009,8767400
579,308.559998,310.700012,304.540009,308.850006,308.850006,4351600
580,305.440002,310.320007,305.049988,306.529999,306.529999,4292900
581,306.5,308.269989,300.609985,305.200012,305.200012,5835100
582,302,308,301,303.700012,303.700012,4646500
583,300.100006,313.390015,300,313.26001,313.26001,7195300
584,312,318.630005,311.049988,311.23999,311.23999,4780600
585,314.600006,316.980011,311.26001,315.130005,315.130005,3468500
586,314.630005,329.01001,313.75,328.910004,328.910004,7938000
587,330.450012,341.440002,330.029999,341.029999,341.029999,8733200
588,340.929993,344.220001,336.5,339.029999,339.029999,6221500
589,341.01001,347.440002,336.899994,337.890015,337.890015,5799900
590,342.040009,343.899994,335.76001,343.450012,343.450012,6933200
591,344.899994,346.730011,337.579987,338.869995,338.869995,5476200
592,340.26001,341.48999,330.299988,331.100006,331.100006,6825000
593,332.690002,333.100006,325.040009,328.980011,328.980011,5953800
594,329.589996,333.73999,327.209991,331.660004,331.660004,4385200
595,329.51001,330.920013,324.820007,325.200012,325.200012,4215800
596,323.829987,323.940002,316.579987,317.290009,317.290009,4378400
597,316,317.679993,310.75,311.640015,311.640015,4712100
598,311.75,315.820007,309.540009,315.359985,315.359985,4316300
599,316.179993,316.410004,310,311.350006,311.350006,3777200
600,312,322.109985,311,320.529999,320.529999,4352200
601,321,325.25,315.549988,317.25,317.25,4521500
602,312.869995,318.549988,305.679993,314.619995,314.619995,9946300
603,316.619995,317.23999,312,316.579987,316.579987,4591200
604,316,337.019989,315.5,336.410004,336.410004,9859400
605,335.160004,338.799988,327.399994,333.690002,333.690002,7146600
606,332.200012,337,330,334.799988,334.799988,4309900
607,335.23999,344.809998,333.26001,337.950012,337.950012,6645500
608,338.630005,340.410004,333.670013,336.220001,336.220001,4825100
609,337.540009,345,334.799988,340.059998,340.059998,6474300
610,340.470001,349,339.75,347.160004,347.160004,7103500
611,345.670013,352.299988,343.73999,344.570007,344.570007,5685800
612,345,350.589996,342.600006,350.019989,350.019989,4888300
613,349.399994,357.829987,349.200012,351.559998,351.559998,6210400
614,360,360.5,351,352.790009,352.790009,5465400
615,354.579987,354.75,343.519989,345.890015,345.890015,5287500
616,348.269989,349.200012,336.399994,337.640015,337.640015,6740300
617,341.5,344,335.709991,342.850006,342.850006,4539400
618,339.850006,350.850006,338.279999,349.529999,349.529999,4747100
619,345.140015,348.269989,342.170013,345.820007,345.820007,4717700
620,347.51001,356.190002,345.190002,354.309998,354.309998,6214100
621,351,359.660004,348.630005,349.25,349.25,4197700
622,348.440002,351.950012,340.51001,343.75,343.75,3704800
623,337.970001,344.470001,333,333.130005,333.130005,4464100
624,325.209991,336.220001,323.5,333.970001,333.970001,5088400
625,338.98999,346,335.660004,345,345,6969200
626,343.309998,348.619995,314.600006,315.230011,315.230011,10314600
627,319.929993,320.980011,294.76001,310.420013,310.420013,12933700
628,316.130005,318.079987,306.25,315.730011,315.730011,6227800
629,315.019989,324.190002,312.51001,323.660004,323.660004,4560200
630,320.839996,326.170013,318.519989,322.309998,322.309998,3950700
631,324.5,334.119995,322.399994,334.070007,334.070007,5912900
632,332.5,343.119995,331.640015,335.48999,335.48999,5642600
633,334.470001,340.839996,331.5,334.769989,334.769989,4009400
634,336.029999,339.690002,333.170013,333.299988,333.299988,3219600
635,335.529999,347.440002,334.75,346.170013,346.170013,6969800
636,347.829987,354.98999,347.100006,352.049988,352.049988,5817400
637,353.5,359,352.359985,357.420013,357.420013,4340000
638,356.25,359.98999,350.01001,350.98999,350.98999,4797400
639,352.570007,355.23999,342.220001,343.059998,343.059998,6069700
640,345.01001,348.670013,330.070007,330.929993,330.929993,6885600
641,326.980011,335.220001,322.970001,335.119995,335.119995,5092800
642,332.390015,337.75,329.290009,333.350006,333.350006,3823800
643,333.75,336.369995,327.029999,328.200012,328.200012,4285700
644,325.440002,332.5,321.73999,332.299988,332.299988,5007300
645,332.859985,333.299988,326.269989,329.100006,329.100006,3566200
646,324.100006,328.48999,322.369995,327.170013,327.170013,5506800
647,328.609985,347.209991,326.5,345.51001,345.51001,8264000
648,328.609985,347.209991,326.5,341.839996,341.839996,5965800
649,336.76001,339.809998,323.929993,326.630005,326.630005,7967400
650,329.380005,332.850006,321.100006,325.600006,325.600006,6564800
651,322.929993,327.399994,319.070007,321.350006,321.350006,6117300
652,316.5,320.75,309.670013,313.559998,313.559998,7484300
653,314.869995,316.25,308.76001,310.549988,310.549988,4764300
654,310.25,322.440002,310.190002,316.529999,316.529999,5958400
655,313.890015,318.820007,308.179993,309.100006,309.100006,4939800
656,311.25,311.25,300.450012,301.540009,301.540009,6654900
657,307.339996,307.589996,291.359985,304.179993,304.179993,8375200
658,304,304.269989,277.179993,279.179993,279.179993,13872000
659,264.579987,268.679993,252.100006,257.779999,257.779999,21001400
660,256.48999,270.959991,248.210007,266.130005,266.130005,15170700
661,256.26001,260.329987,244.589996,252.479996,252.479996,16114000
662,269.820007,273.350006,254.490005,267.529999,267.529999,18844400
663,252.779999,288.369995,252,286.940002,286.940002,19896700
664,289.339996,306.26001,288.200012,305.720001,305.720001,19121100
665,301,309.279999,295.5,299.299988,299.299988,13520300
666,300.369995,309.5,289.209991,289.660004,289.660004,10249800
667,298.970001,307.100006,293.679993,304.700012,304.700012,10989800
668,300.73999,308.980011,299.660004,300.929993,300.929993,7482900
669,302.320007,303.950012,293.679993,294.079987,294.079987,7608800
670,303.600006,303.950012,295.980011,300.339996,300.339996,7327200
671,299,299.660004,289.01001,291.209991,291.209991,6338500
672,288.869995,292.170013,282.51001,287.690002,287.690002,7000000
673,291.079987,300.23999,288.160004,293.350006,293.350006,6557700
674,291.079987,301.01001,288.549988,300.079987,300.079987,6090600
675,295.170013,299.980011,289.75,290.23999,290.23999,5627900
676,291.290009,291.619995,282.329987,283.369995,283.369995,4893400
677,285,287.089996,278.459991,283.459991,283.459991,5685300
678,283.5,285.160004,277.25,280.690002,280.690002,4013600
679,278.75,285.790009,276.5,285.480011,285.480011,4356000
680,285.369995,294.470001,283.829987,294.079987,294.079987,4364600
681,293.609985,298.730011,292.5,293.899994,293.899994,4228200
682,293.51001,300.820007,293.220001,299.920013,299.920013,4625600
683,298.570007,306.850006,297.779999,301.149994,301.149994,8970400
684,278.790009,288.040009,275.230011,284.450012,284.450012,17352100
685,283,296.859985,279.519989,294.089996,294.089996,8569400
686,297.5,305.959991,295.170013,302.769989,302.769989,8678200
687,300.799988,307.75,299,301.970001,301.970001,5930000
688,300.410004,307.01001,300.049988,306.850006,306.850006,5727400
689,307.5,312.98999,304.109985,305.019989,305.019989,5651600
690,307.700012,308.880005,299.079987,301.059998,301.059998,4679600
691,303.320007,304.940002,291.619995,291.970001,291.970001,7286800
692,285.01001,286.959991,280.5,284.179993,284.179993,9519200
693,283.829987,288.809998,281.559998,286.480011,286.480011,5674000
694,285.899994,289.190002,283.970001,284.540009,284.540009,4420600
695,284.649994,284.649994,274,276.820007,276.820007,7251900
696,281.329987,291.48999,281.299988,284.48999,284.48999,9182600
697,287.76001,288,273.420013,275.01001,275.01001,8945800
698,277.76001,279.910004,274,279.070007,279.070007,5985100
699,278.399994,281.109985,274.890015,277.850006,277.850006,4176700
700,277.630005,279.640015,275.609985,278.850006,278.850006,3875100
701,278.51001,286.5,276.149994,283.76001,283.76001,5666600
702,283.290009,295.01001,281.600006,291.720001,291.720001,7489700
703,287.209991,290.369995,282.929993,284.730011,284.730011,5919700
704,285.859985,291.950012,283.839996,291.820007,291.820007,5424400
705,294.339996,299,293.549988,296.73999,296.73999,4797800
706,297.700012,297.799988,286.73999,291.130005,291.130005,5995200
707,300.5,322.170013,297.480011,319.5,319.5,18767300
708,316.149994,330,313.579987,316.089996,316.089996,14345300
709,319,324.480011,317.149994,317.660004,317.660004,8205200
710,322.51001,334.660004,322.5,332.100006,332.100006,13183500
711,344.700012,354.970001,338,342.769989,342.769989,22347400
712,346.709991,347.200012,339.799988,344.779999,344.779999,9469800
713,347.630005,358.75,346.600006,357.720001,357.720001,10981000
714,353.839996,364.670013,351.25,358.170013,358.170013,10848300
715,355.399994,373.730011,354.5,370.829987,370.829987,12073200
716,365.160004,370,346.25,352.549988,352.549988,12761900
717,358.040009,364.380005,352,362.220001,362.220001,8383700
718,362,366.209991,346.269989,347.51001,347.51001,7967100
719,351.540009,352.25,332,333.630005,333.630005,10266100
720,330.119995,338.470001,327.5,333.01001,333.01001,6931300
721,336.049988,343.549988,325.799988,342,342,7452500
722,345,350.790009,339.5,344.5,344.5,8333700
723,348.660004,357.019989,346.109985,349.929993,349.929993,8398000
724,353.329987,353.859985,342.410004,342.950012,342.950012,6492400
725,360.070007,364.779999,329.850006,335.070007,335.070007,18759800
726,331.75,332.48999,309.690002,310.859985,310.859985,12282600
727,313.76001,314.390015,296.220001,309.160004,309.160004,17476400
728,304.950012,312.070007,302,308.899994,308.899994,8865500
729,311.98999,318.519989,308,318.51001,318.51001,7596800
730,324.559998,327.679993,319.200012,322.470001,322.470001,9471500
731,315.799988,321.940002,315.070007,318.959991,318.959991,4884100
732,321.429993,323.230011,312.769989,316.709991,316.709991,5721200
733,315.579987,319.579987,309.25,318.869995,318.869995,5869800
734,311.709991,315.160004,306.25,310.100006,310.100006,7818700
735,308.809998,324.73999,308.5,322.690002,322.690002,6996200
736,325,325.5,316.25,323.850006,323.850006,5624200
737,316.329987,323.540009,314.01001,320.230011,320.230011,5915300
738,321.230011,323.23999,311.709991,313.579987,313.579987,5162200
739,301.839996,305.5,292.859985,303.200012,303.200012,10992900
740,304.420013,307.720001,292.549988,297.429993,297.429993,9590800
741,296.73999,309.619995,294.5,308.73999,308.73999,7075400
742,304.850006,310.700012,303.640015,306.649994,306.649994,4630500
743,307.25,307.690002,295.339996,297.179993,297.179993,5703300
744,295.899994,296.100006,286.130005,290.170013,290.170013,6814100
745,292.25,298.320007,289.070007,298.140015,298.140015,5076900
746,297.98999,303,293,300.839996,300.839996,10129400
747,328.440002,349.98999,323.160004,349.540009,349.540009,23215000
748,347.809998,355,342.529999,348.170013,348.170013,13656500
749,345.459991,354.980011,341.820007,341.98999,341.98999,8564300
750,343.839996,387.459991,339.149994,379.570007,379.570007,30875800
751,369.089996,382.640015,367.119995,370.339996,370.339996,24571200
752,365.549988,367.01001,345.730011,352.450012,352.450012,17183800
753,354,360,346,355.48999,355.48999,11552000
754,361.130005,363.190002,349.019989,356.410004,356.410004,10463900
755,358.450012,359.200012,347.100006,347.640015,347.640015,6986400
756,341.910004,344.48999,332.140015,338.690002,338.690002,9101300
757,339.910004,342.279999,333.820007,335.450012,335.450012,6064000
758,323.5,326.769989,303.529999,305.5,305.5,18958600
759,291.700012,308.5,288.200012,308.440002,308.440002,17402300
760,310.609985,324.790009,309,321.899994,321.899994,13172200
761,320.869995,323.880005,314.670013,321.640015,321.640015,5946000
762,319.140015,327.320007,318.100006,320.100006,320.100006,5147300
763,320.700012,323.850006,319.399994,322.820007,322.820007,3602600
764,318,322.440002,308.809998,319.269989,319.269989,13079300
765,318.410004,318.880005,311.190002,311.859985,311.859985,7649100
766,310.269989,311.850006,303.690002,305.01001,305.01001,7447400
767,302.26001,304.600006,297.720001,303.149994,303.149994,7216700
768,302,305.309998,298.600006,301.660004,301.660004,5375100
769,296.940002,298.190002,288,288.950012,288.950012,8350500
770,285.049988,286.779999,277.179993,280.73999,280.73999,7720800
771,284.799988,291.170013,278.880005,280.950012,280.950012,7480800
772,260.100006,268.350006,252.25,263.23999,263.23999,22491900
773,273.26001,286.029999,271,285.5,285.5,14283500
774,279.470001,282,273.549988,279.440002,279.440002,9170000
775,281.440002,292.5,278.649994,290.540009,290.540009,10015400
776,288.019989,295,285.179993,289.459991,289.459991,6340300
777,288.76001,297.329987,286.519989,295.200012,295.200012,6765600
778,290.040009,300.869995,288.130005,294.839996,294.839996,6887600
779,296.690002,302.640015,275.5,284.959991,284.959991,16547500
780,280.51001,300,280.5,299.019989,299.019989,8294900
781,303.559998,305.980011,293.329987,298.329987,298.329987,7349400
782,297.700012,300.579987,295.369995,299.100006,299.100006,5050500
783,298.480011,303,293.579987,299.679993,299.679993,4843000
784,300,304.600006,296.5,300.98999,300.98999,4481700
785,301.910004,313.890015,301.109985,309.579987,309.579987,7843200
786,312.899994,314.959991,306.910004,307.519989,307.519989,8509100
787,270.26001,278,260.559998,264.769989,264.769989,33649700
788,305.769989,311.440002,301.049988,310.700012,310.700012,21777600
789,313.950012,316.839996,299.149994,301.019989,301.019989,11743500
790,303.329987,304.600006,291.570007,294.799988,294.799988,7995000
791,293.950012,294,277.670013,281.829987,281.829987,9814200
792,274.649994,274.880005,260,261.950012,261.950012,17944500
793,264.519989,267.76001,249,250.559998,250.559998,13472700
794,255.25,266.769989,253.300003,262.799988,262.799988,12060600
795,264.609985,265.51001,247.770004,256.880005,256.880005,12815300
796,257.529999,262.25,249.029999,252.229996,252.229996,8167700
797,261,261.98999,252.009995,258.779999,258.779999,7201400
798,259.059998,263.279999,254.539993,259.589996,259.589996,6200000
799,265.700012,277.380005,262.23999,276.589996,276.589996,9526400
800,282.399994,282.700012,265.799988,271.779999,271.779999,8655500
801,269.290009,271,263,263.910004,263.910004,5421200
802,267.390015,269.660004,253.5,260,260,9375500
803,260.679993,261.859985,252.589996,260.950012,260.950012,5600300
804,263.869995,297.929993,262.100006,294.140015,294.140015,19027800
805,301.049988,304.440002,285.730011,288.5,288.5,20058300
806,317.220001,321,301.01001,314.859985,314.859985,20840700
807,308.25,339.899994,306.649994,330.899994,330.899994,27425500
808,337.470001,347.160004,326.5,334.850006,334.850006,14486000
809,328.390015,337.899994,322.26001,329.899994,329.899994,9126700
810,332.540009,342,329.100006,337.320007,337.320007,7624300
811,338.26001,347.839996,334.730011,344.279999,344.279999,8000100
812,343.73999,349.200012,340.910004,346.410004,346.410004,7808000
813,340.5,343.959991,330.140015,341.399994,341.399994,7831000
814,339.070007,348.799988,336.089996,341.059998,341.059998,6762900
815,343.339996,351.179993,340.799988,348.160004,348.160004,7374500
816,348.5,357.579987,348.440002,351.399994,351.399994,7090700
817,349,354,345.230011,350.51001,350.51001,5098800
818,348.369995,349.779999,330.339996,331.279999,331.279999,6941500
819,333.160004,344.700012,332.200012,338.730011,338.730011,5448600
820,342.700012,347.109985,337.149994,344,344,5040300
821,342.329987,348.579987,339.040009,348.440002,348.440002,4625700
822,345.190002,355.700012,345.119995,354.309998,354.309998,7206200
823,356.339996,366.75,352.880005,353.470001,353.470001,9708900
824,341.75,349.799988,333.549988,347.48999,347.48999,8004700
825,352,353.100006,337.399994,338.190002,338.190002,4686800
826,334.350006,337.5,325.549988,325.829987,325.829987,4202600
827,325,346.220001,325,346,346,7992100
828,340.049988,346.959991,335.5,343.920013,343.920013,6358300
829,345.98999,348.279999,342.209991,347.869995,347.869995,4127600
830,347,347.5,339.549988,341.170013,341.170013,3080700
831,341.829987,351.600006,338.26001,350.480011,350.480011,5629100
832,360,366,352,358.48999,358.48999,8306500
833,356.049988,368.679993,352,359.700012,359.700012,8461900
834,356.01001,367.380005,350.76001,363.059998,363.059998,7842500
835,369,379.48999,357.649994,357.970001,357.970001,11511200
836,360,365.980011,353.119995,365.149994,365.149994,6613500
837,369.910004,372.170013,360.230011,366.76001,366.76001,6308800
838,369.420013,371.910004,365.160004,366.600006,366.600006,5027000
839,370.149994,377.440002,366.75,376.790009,376.790009,7365900
840,375,377.869995,364.329987,365.709991,365.709991,6337600
841,362,365.700012,343.880005,348.420013,348.420013,7674000
842,350.540009,351.549988,333.690002,337.029999,337.029999,7100000
843,337.600006,347.01001,329.73999,332.970001,332.970001,8274200
844,327.049988,330.290009,311.869995,315.380005,315.380005,9071900
845,317.399994,323.470001,312.440002,319.769989,319.769989,8016800
846,313.5,314.5,295.200012,295.390015,295.390015,5559900
847,300,326.970001,294.089996,326.089996,326.089996,8163100
848,319.839996,322.170013,301.5,316.130005,316.130005,8575100
849,323.100006,336.23999,318.410004,333.869995,333.869995,9939000
850,337.790009,339.209991,325.26001,332.799988,332.799988,6302300
851,306.100006,315.130005,298.799988,310.119995,310.119995,11658600
852,307,309.399994,297.380005,300.359985,300.359985,6965200
853,306,318,302.730011,317.690002,317.690002,7394100
854,321.720001,336.73999,317.75,334.959991,334.959991,7551200
855,341.959991,344.01001,327.019989,335.350006,335.350006,7008500
856,335.5,343.5,331.470001,338.529999,338.529999,5432900
857,334.399994,345.390015,331.790009,344.970001,344.970001,6056400
858,342.089996,348.410004,338.769989,347.26001,347.26001,5039100
859,342.380005,342.5,334,334.399994,334.399994,5247300
860,335,348.799988,334.5,344.429993,344.429993,6056600
861,344.779999,352,343.5,346.049988,346.049988,4691700
862,346.209991,351.5,344.149994,347.309998,347.309998,3676700
863,323,327.130005,299.730011,302.26001,302.26001,24150800
864,304.820007,308,295.5,298.920013,298.920013,12066700
865,292.5,294.5,281.690002,287.589996,287.589996,12530000
866,283.029999,293.679993,279.279999,291.51001,291.51001,8012200
867,294.390015,298.519989,289.549988,297.040009,297.040009,7249600
868,292.910004,297.459991,287.75,296.380005,296.380005,6423300
869,295.269989,298.559998,291.799988,297.459991,297.459991,4621700
870,300.450012,309,298.48999,308.769989,308.769989,11250300
871,301,311.559998,294,307.019989,307.019989,12569200
872,305.420013,316.100006,303.5,312.209991,312.209991,7283400
873,312.980011,315.299988,301.880005,312.890015,312.890015,7352100
874,312.48999,322.440002,312.25,321.350006,321.350006,6742800
875,319.589996,324.23999,315.619995,317.220001,317.220001,5038500
876,313.299988,314.700012,303,307.51001,307.51001,6520600
877,306.829987,307.450012,298.5,305.799988,305.799988,5844200
878,311.600006,318.600006,310.5,312.839996,312.839996,7129700
879,316.200012,318.190002,309.619995,311.809998,311.809998,5517600
880,312.350006,312.75,305.570007,308.170013,308.170013,5141600
881,303.380005,306.769989,301,303.769989,303.769989,5200800
882,304.5,308,303.899994,307.880005,307.880005,3904900
883,306.559998,311.540009,305.470001,305.640015,305.640015,4168400
884,304.410004,306.299988,299,302.559998,302.559998,7142100
885,301.809998,303.23999,290.5,291.230011,291.230011,8909200
886,294.48999,296.5,292.100006,294.709991,294.709991,5740600
887,297.910004,302.899994,297,298.769989,298.769989,6626500
888,292.220001,302.01001,288.769989,297.859985,297.859985,8582500
889,301.779999,316.299988,300.549988,314.73999,314.73999,11183900
890,318.920013,320,310.809998,319.880005,319.880005,10520700
891,306.940002,307.130005,291.899994,294.790009,294.790009,22911400
892,298.119995,299,282.779999,285.359985,285.359985,17096800
893,282,284,270.100006,276.540009,276.540009,18764700
894,276.480011,281.51001,274.390015,276.23999,276.23999,10335500
895,278.839996,284.700012,274.25,276.589996,276.589996,9442500
896,276.910004,285.589996,275.890015,284.140015,284.140015,8819600
897,283.519989,291.279999,280.5,290.920013,290.920013,7392300
898,286.48999,288.070007,281.059998,283.359985,283.359985,7504100
899,283.899994,291.98999,282.700012,288.959991,288.959991,6844700
900,292.450012,295.390015,288.290009,289.959991,289.959991,7103400
901,283.51001,283.720001,274.399994,275.429993,275.429993,14785500
902,276,278.049988,267.299988,269.48999,269.48999,10281000
903,267.5,273.299988,263.459991,267.470001,267.470001,11800600
904,269.690002,274.970001,266.299988,273.600006,273.600006,6908200
905,272.600006,276.450012,268.450012,274.019989,274.019989,5947100
906,272.579987,272.799988,264,264.529999,264.529999,8745600
907,259.709991,263.179993,254.460007,260.420013,260.420013,10215000
908,264.440002,270.26001,264.429993,267.769989,267.769989,7350900
909,268.75,275.369995,268.179993,274.829987,274.829987,8779200
910,277.160004,280.329987,275.100006,278.619995,278.619995,6774100
911,278.700012,280.160004,274.5,279.859985,279.859985,5991300
912,282.619995,289.200012,281.279999,289.179993,289.179993,8110400
913,288.299988,289.440002,283.880005,285.880005,285.880005,5478900
914,287.320007,296.170013,287.170013,291.809998,291.809998,7929900
915,261.890015,271.200012,260.589996,267.779999,267.779999,23720700
916,269.859985,276.100006,266.109985,274.959991,274.959991,13038300
917,277.690002,281.160004,270.440002,273.200012,273.200012,10410400
918,271.649994,275,269.609985,272.309998,272.309998,5904000
919,276.73999,278.380005,272.890015,276.059998,276.059998,7061300
920,268.299988,270.5,265.600006,268.420013,268.420013,9835900
921,270.220001,271.950012,266.829987,267.700012,267.700012,6746000
922,268.630005,268.880005,258.630005,266.380005,266.380005,10038600
923,265.75,275,264.720001,273.359985,273.359985,7272900
924,274.75,274.790009,268.540009,271.230011,271.230011,5126500
925,271.230011,274.839996,269.75,273.26001,273.26001,5876300
926,269,269.679993,262.480011,262.75,262.75,12147100
927,260.149994,265.600006,255.75,263.899994,263.899994,10943900
928,263.850006,265.320007,258,258.660004,258.660004,10727500
929,255,259,246.070007,247.630005,247.630005,21849400
930,246.5,246.679993,231.130005,235.139999,235.139999,22360700
931,235.860001,243.979996,232.169998,241.470001,241.470001,16714500
932,242.059998,244.210007,237,238.690002,238.690002,9464600
933,238.850006,240,231.5,234.009995,234.009995,10704400
934,245.520004,247.130005,237.720001,244.100006,244.100006,18159300
935,243.860001,256.609985,243.490005,255.029999,255.029999,23706800
936,250.020004,258.350006,248.5,255.339996,255.339996,10833900
937,256.799988,257.209991,245.100006,247.059998,247.059998,10131400
938,246.940002,250.600006,244.199997,244.839996,244.839996,6176400
939,242,243.679993,236.940002,241.979996,241.979996,6711400
940,239.75,241.990005,236.020004,239.520004,239.520004,7008300
941,232.009995,232.470001,224.5,227.009995,227.009995,10834800
942,229.300003,234.5,228,232.309998,232.309998,7252400
943,229.320007,232.440002,225.25,231.949997,231.949997,7296000
944,229.490005,231,226.5,228.330002,228.330002,7483300
945,221.960007,222.240005,208.919998,211.029999,211.029999,17786700
946,202.800003,206,195.25,205.360001,205.360001,20526200
947,197.759995,207.399994,196.039993,205.080002,205.080002,18003900
948,199.100006,203.940002,191.779999,192.729996,192.729996,18685200
949,194.339996,199.470001,186.220001,195.490005,195.490005,26547100
950,199.830002,199.979996,188.75,190.630005,190.630005,14136600
951,191.199997,195,187.850006,188.699997,188.699997,10312900
952,187.100006,192.389999,185.039993,189.860001,189.860001,11968600
953,188.75,192.259995,187.020004,188.220001,188.220001,7926500
954,185.100006,189.919998,184.100006,185.160004,185.160004,10406700
955,185.509995,186.679993,176.990005,178.970001,178.970001,13064400
956,181.100006,193.979996,179.610001,193.600006,193.600006,13807500
957,198.679993,201.279999,191.850006,196.589996,196.589996,13510800
958,204.440002,211,201.800003,205.949997,205.949997,20242200
959,205,210.839996,203.5,204.5,204.5,16003500
960,210.25,216.940002,209.009995,212.880005,212.880005,10585000
961,219.139999,220.899994,213.5,217.100006,217.100006,11653500
962,222.949997,223.380005,209,209.259995,209.259995,15186200
963,210.380005,214.899994,207.509995,213.910004,213.910004,8168300
964,211.25,216.649994,210.399994,214.919998,214.919998,7433400
965,215.479996,227,214.270004,225.029999,225.029999,12316800
966,228.720001,234.740005,222.559998,224.740005,224.740005,12715800
967,225.110001,227.770004,221.059998,226.429993,226.429993,6575100
968,223,226.899994,216.350006,219.619995,219.619995,11863500
969,216.220001,222.179993,215.5,221.860001,221.860001,8202100
970,223.240005,225.860001,221.020004,223.639999,223.639999,5750800
971,224.389999,225.339996,219.490005,219.759995,219.759995,6182100
972,220.309998,227.229996,218.100006,219.270004,219.270004,8507200
973,219.449997,222.899994,217.350006,222.839996,222.839996,6339700
974,220.990005,225.169998,220.800003,223.460007,223.460007,6851400
975,230.210007,233.100006,226.279999,227.169998,227.169998,8238000
976,228.889999,229.149994,222.220001,224.550003,224.550003,9259000
977,239.389999,241.570007,234.509995,234.899994,234.899994,14201100
978,234.570007,235.449997,230.800003,233.100006,233.100006,7065700
979,231.240005,232.25,228.660004,230.339996,230.339996,5880500
980,228.970001,231,227.279999,230.059998,230.059998,6190800
981,234.149994,238.940002,233.139999,238.919998,238.919998,9145700
982,238.139999,241.5,235.800003,238.600006,238.600006,7514400
983,239.75,245.380005,239.710007,245.080002,245.080002,9200500
984,248,254.419998,244.860001,253.5,253.5,11000100
985,249.300003,253.529999,247.929993,252.380005,252.380005,8149000
986,255.669998,258.309998,253.350006,254.860001,254.860001,9764700
987,255.050003,255.75,251.889999,253.539993,253.539993,4764500
988,255.690002,259.959991,254.619995,258.179993,258.179993,7048400
989,258.75,262.149994,254.190002,255.679993,255.679993,6842400
990,256.709991,260.480011,254.5,260.170013,260.170013,5023100
991,259.170013,266.070007,258.160004,264.880005,264.880005,11072800
992,233.5,234.5,225.550003,228.820007,228.820007,22418300
993,226.919998,230.259995,222.25,228.039993,228.039993,10027700
994,227.089996,235.940002,226.029999,235.770004,235.770004,9273300
995,232.899994,243.360001,232.179993,242.259995,242.259995,8109000
996,243,246.679993,236.649994,241.610001,241.610001,9178200
997,242.649994,244.509995,231.770004,233.850006,233.850006,8259500
998,231.350006,236.270004,229.229996,234.339996,234.339996,6136500
999,229.600006,231.369995,225.779999,228.320007,228.320007,7028300
1000,231.880005,232.5,225.75,230.75,230.75,5564200
1001,226.5,233.570007,225.800003,233.419998,233.419998,4776500
1002,234.449997,239.800003,232.649994,238.300003,238.300003,5274300
1003,236.050003,238.960007,233.809998,235.009995,235.009995,3898200
1004,232.990005,235.770004,228.75,229.009995,229.009995,4663900
1005,228.809998,236,227.550003,235,235,4848100
1006,231.210007,231.5,216.690002,219.619995,219.619995,9562600
1007,220.860001,221.559998,211.550003,215.639999,215.639999,8159600
1008,216.660004,222.240005,216.020004,219.940002,219.940002,5098500
1009,224.210007,227.830002,221.699997,226.830002,226.830002,5309600
1010,227.619995,229.089996,224.539993,225.860001,225.860001,4125200
1011,222.009995,223.220001,217.600006,220.830002,220.830002,7794300
1012,222.800003,225.399994,218.220001,222.149994,222.149994,6559000
1013,219.970001,221.169998,211,211.399994,211.399994,8538600
1014,213.600006,215.020004,211.539993,215,215,5051900
1015,215.740005,218.800003,212.029999,214.080002,214.080002,5416200
1016,213.690002,217.25,212.309998,215.589996,215.589996,3225500
1017,219,223.399994,218,221.710007,221.710007,5179500
1018,229.149994,232.440002,224.210007,225.610001,225.610001,9320600
1019,224.080002,228.949997,223.160004,225.009995,225.009995,5354100
1020,226.889999,228.460007,219.210007,220.679993,220.679993,5761000
1021,222.5,229.800003,220.850006,229.580002,229.580002,7395300
1022,227.199997,229.639999,225.169998,227.449997,227.449997,4189400
1023,230,233.759995,229.229996,231.789993,231.789993,4802700
1024,230.800003,235.539993,228.940002,235.539993,235.539993,4883700
1025,237.380005,248.169998,236,247.100006,247.100006,10042800
1026,247.699997,253.5,244.399994,245.869995,245.869995,8581200
1027,246.960007,248.449997,244.869995,245.199997,245.199997,5313100
1028,246,247.429993,241.169998,242.809998,242.809998,4728100
1029,242.470001,245.600006,240.369995,244.789993,244.789993,3865400
1030,245,248.169998,242.369995,243.490005,243.490005,4170200
1031,246,247.940002,244.839996,246.600006,246.600006,4795800
1032,246.490005,246.949997,238.160004,240.619995,240.619995,6353000
1033,240,245.179993,239.220001,241.229996,241.229996,4340200
1034,241.520004,241.990005,222.610001,223.210007,223.210007,12891500
1035,224.559998,228.979996,218.360001,228.699997,228.699997,9427100
1036,230.660004,243.309998,227.399994,242.559998,242.559998,11884500
1037,242.199997,248.710007,238.729996,242.130005,242.130005,11116400
1038,243,243.979996,236.110001,240.869995,240.869995,5879800
1039,241.5,245.949997,239.130005,244.690002,244.690002,6162600
1040,243.289993,244.649994,239.429993,243.130005,243.130005,5631400
1041,231.860001,234.479996,224.279999,233.029999,233.029999,15084500
1042,231.610001,234.779999,228.070007,231.429993,231.429993,7995000
1043,229.800003,238.559998,228.550003,237.720001,237.720001,8064200
1044,235.869995,243.940002,234.5,240.050003,240.050003,8678200
1045,241.320007,247.300003,240.649994,244.529999,244.529999,6894400
1046,245.279999,249.279999,241.580002,244.740005,244.740005,6283300
1047,247.149994,251.080002,246.809998,247.889999,247.889999,8475400
1048,247.899994,258.549988,247.130005,256.959991,256.959991,10205000
1049,257.700012,260,254.119995,257.890015,257.890015,6432800
1050,257.390015,262.100006,256.920013,259.75,259.75,6684100
1051,262.5,264.779999,260.170013,261.970001,261.970001,4769300
1052,260.700012,262.799988,255.100006,256.950012,256.950012,5749800
1053,258.329987,259.5,250.179993,253.5,253.5,5020300
1054,254.320007,258.329987,250.850006,255.580002,255.580002,4600800
1055,254.5,256.140015,251.350006,254.679993,254.679993,5261100
1056,298.369995,304.929993,289.200012,299.679993,299.679993,29720900
1057,297.720001,330,296.109985,328.130005,328.130005,30006100
1058,327.540009,340.839996,322.600006,327.709991,327.709991,18870300
1059,319.98999,324.299988,314.75,316.220001,316.220001,12684300
1060,313,318.790009,309.970001,315.01001,315.01001,9641800
1061,313.100006,319,313,314.920013,314.920013,5067000
1062,316.320007,316.480011,309.799988,313.309998,313.309998,6383900
1063,314.799988,321.940002,309.26001,317.470001,317.470001,8787000
1064,319.619995,323.51001,316.119995,317.220001,317.220001,6943400
1065,318,326.720001,314.5,326.579987,326.579987,7940900
1066,329.140015,341.5,328.019989,335.540009,335.540009,14467300
1067,334.5,337.459991,332.5,337.140015,337.140015,6069200
1068,343.950012,349.190002,342,345.089996,345.089996,9986700
1069,346.899994,350.369995,344.040009,349.929993,349.929993,7359400
1070,355,356.329987,345.179993,346.109985,346.109985,8420100
1071,346.109985,353.839996,342.910004,349.350006,349.350006,6464900
1072,350.640015,352.799988,348.359985,352.170013,352.170013,4809000
1073,352.920013,353.149994,346.100006,349.98999,349.98999,4400400
1074,351.75,359.98999,347.799988,359.519989,359.519989,7724800
1075,360,361.200012,349.570007,352.220001,352.220001,6725100
1076,354.51001,360.839996,354,354.829987,354.829987,6110000
1077,340.160004,341,330,333.040009,333.040009,16870600
1078,344.320007,344.570007,334.459991,336.339996,336.339996,12339500
1079,335.269989,335.5,327.100006,328.920013,328.920013,7947400
1080,331.119995,333.929993,328.570007,331.290009,331.290009,5555600
1081,331.109985,331.26001,327.5,329.940002,329.940002,2465600
1082,329.399994,336.380005,328.690002,334.869995,334.869995,6074500
1083,332.619995,337.910004,332.190002,336.200012,336.200012,6573700
1084,337.75,337.859985,332.850006,333.029999,333.029999,5533000
1085,332.829987,334.420013,327.25,330.369995,330.369995,3724600
1086,335,338.859985,334.769989,335.890015,335.890015,7612400
1087,336.589996,344.450012,335.079987,339.529999,339.529999,9023100
1088,339.959991,350.730011,339.309998,348.839996,348.839996,8828300
1089,351.880005,357.190002,351.089996,352.700012,352.700012,6897800
1090,354.920013,362.73999,353.230011,359.679993,359.679993,7763900
1091,361.049988,365.209991,354.640015,358.390015,358.390015,6570900
1092,362.549988,383.609985,362.5,381.5,381.5,18174200
1093,378.98999,385.5,375.899994,378.98999,378.98999,8496800
1094,380.630005,395.220001,380.579987,393.149994,393.149994,14121000
1095,397.320007,406.850006,396.5,404.040009,404.040009,18107100
1096,410.290009,413,400.190002,405.589996,405.589996,14752700
1097,411.779999,422.01001,410,419.220001,419.220001,13319600
1098,418.359985,425.470001,412.690002,425.25,425.25,8054700
1099,427.910004,433.480011,426.350006,430.940002,430.940002,10633900
1100,435,435.309998,426.109985,430.380005,430.380005,9945700
1101,428.790009,429,409.26001,414.700012,414.700012,12586400
1102,405,421.290009,402.079987,418.329987,418.329987,10285700
1103,424.5,430.700012,421.709991,430.26001,430.26001,9532100
1104,440.5,454,436.920013,443.01001,443.01001,17778500
1105,440.470001,451.559998,440,451.540009,451.540009,10133000
1106,461.399994,471.630005,453.359985,469.059998,469.059998,17882100
1107,473.700012,498.48999,468.230011,492.140015,492.140015,31144300
1108,497.100006,498.799988,472.869995,481.339996,481.339996,28440400
1109,481.790009,484.940002,473.700012,478.149994,478.149994,12959500
1110,493.5,525.630005,492,524.859985,524.859985,26517600
1111,544.26001,547.409973,524.900024,537.919983,537.919983,28996200
1112,529.76001,537.840027,516.789978,518.5,518.5,17368800
1113,493.75,514.460022,492.170013,513.48999,513.48999,21736700
1114,507.609985,515.669983,503.160004,510.5,510.5,13629100
1115,530.25,548.580017,528.409973,547.200012,547.200012,17803500
1116,571.890015,594.5,559.099976,569.559998,569.559998,31369000
1117,564.25,582,555.599976,572.200012,572.200012,19651000
1118,570.630005,573.859985,554.26001,564.820007,564.820007,14353600
1119,541.98999,564.440002,539.280029,558.02002,558.02002,13608100
1120,568.48999,576.809998,558.080017,566.900024,566.900024,11788500
1121,575.690002,589.799988,567.429993,580.98999,580.98999,17801500
1122,632.419983,650.880005,618,640.809998,640.809998,29005700
1123,640,653,632.52002,650.570007,650.570007,15719300
1124,673.690002,786.140015,673.52002,780,780,47233500
1125,882.960022,968.98999,833.880005,887.059998,887.059998,60938800
1126,823.26001,845.97998,704.109985,734.700012,734.700012,48423800
1127,699.919983,795.830017,687,748.960022,748.960022,39880800
1128,730.549988,769.75,730,748.070007,748.070007,17063500
1129,800,819.98999,752.400024,771.280029,771.280029,24689200
1130,768.789978,783.51001,758,774.380005,774.380005,11697500
1131,777.869995,789.75,763.369995,767.289978,767.289978,12022500
1132,741.840027,818,735,804,804,26289300
1133,787.219971,812.969971,785.5,800.030029,800.030029,15656900
1134,841.599976,860,832.359985,858.400024,858.400024,16381700
1135,923.5,944.780029,901.02002,917.419983,917.419983,25423000
1136,911.950012,912,859.940002,899.409973,899.409973,17634900
1137,906.97998,913.059998,880.450012,901,901,14314800
1138,839,863.5,822.200012,833.789978,833.789978,15192200
1139,849,856.599976,787,799.909973,799.909973,17290500
1140,782.5,813.309998,776.109985,778.799988,778.799988,14085500
1141,730,739.77002,669,679,679,24149300
1142,629.700012,690.52002,611.52002,667.98999,667.98999,24564200
1143,711.26001,743.690002,686.669983,743.619995,743.619995,20195000
1144,805,806.97998,716.109985,745.51001,745.51001,25784000
1145,763.960022,766.52002,724.72998,749.5,749.5,15049000
1146,723.77002,745.75,718.070007,724.539978,724.539978,10852700
1147,690,707,684.27002,703.47998,703.47998,12662900
1148,605.390015,663,605,608,608,17073700
1149,659.429993,668,608,645.330017,645.330017,15594400
1150,640.200012,653.580017,613,634.22998,634.22998,13322500
1151,580.890015,594.5,546.25,560.549988,560.549988,18909100
1152,595,607.570007,502,546.619995,546.619995,22640300
1153,469.5,494.869995,442.170013,445.070007,445.070007,20489500
1154,440.01001,471.850006,396,430.200012,430.200012,23994600
1155,389,404.859985,350.51001,361.220001,361.220001,23786200
1156,374.700012,452,358.459991,427.640015,427.640015,30195500
1157,438.200012,477,425.790009,427.529999,427.529999,28285500
1158,433.600006,442,410.5,434.290009,434.290009,16454500
1159,477.299988,513.690002,474,505,505,22895200
1160,545.25,557,511.109985,539.25,539.25,21222700
1161,547.390015,560,512.25,528.159973,528.159973,17380700
1162,505,525.799988,494.029999,514.359985,514.359985,14377400
1163,510.26001,516.650024,491.230011,502.130005,502.130005,11998100
1164,501.25,542.960022,497,524,524,17771500
1165,504,513.950012,475.100006,481.559998,481.559998,13353200
1166,481.029999,494.26001,446.399994,454.470001,454.470001,19858400
1167,509.5,515.48999,468.390015,480.01001,480.01001,22562100
1168,511.200012,521,497.959991,516.23999,516.23999,14901800
1169,545,565,532.340027,545.450012,545.450012,17919800
1170,554.200012,557.210022,533.330017,548.840027,548.840027,12656000
1171,562.090027,575.179993,557.109985,573,573,13650000
1172,590.159973,652,580.530029,650.950012,650.950012,22475400
1173,698.969971,741.880005,692.429993,709.890015,709.890015,30576500
1174,742,753.130005,710,729.830017,729.830017,23577000
1175,716.940002,759.450012,706.719971,745.210022,745.210022,20657900
1176,772.280029,774.950012,747.659973,753.890015,753.890015,13128200
1177,732.700012,765.570007,712.210022,746.359985,746.359985,14746600
1178,730.119995,753.330017,673.789978,686.719971,686.719971,20209100
1179,703.97998,734,688.710022,732.109985,732.109985,14224800
1180,727.599976,734,703.130005,705.630005,705.630005,13236700
1181,710.809998,730.72998,698.179993,725.150024,725.150024,13237600
1182,737.609985,799.48999,735,798.75,798.75,20681400
1183,795.640015,805,756.690002,769.119995,769.119995,15222000
1184,790.169983,803.200012,783.159973,800.51001,800.51001,16216000
1185,855.190002,869.820007,763.5,781.880005,781.880005,28400100
1186,755,772.77002,683.039978,701.320007,701.320007,32531800
1187,701,762,698,761.190002,761.190002,19237100
1188,789.789978,798.919983,762.179993,768.210022,768.210022,16991700
1189,776.5,789.799988,761.109985,782.580017,782.580017,11123200
1190,777.210022,796.400024,772.349976,780.039978,780.039978,11527700
1191,793.77002,824,787.01001,819.419983,819.419983,16130100
1192,790.51001,824,785,811.289978,811.289978,16519600
1193,827,843.289978,808,809.409973,809.409973,15906900
1194,820.830017,826,763.299988,790.960022,790.960022,19065500
1195,780,803.359985,764,803.330017,803.330017,13682200
1196,790.349976,805.049988,786.549988,799.169983,799.169983,10518400
1197,827.780029,834.719971,803.880005,813.630005,813.630005,11698100
1198,815.169983,822.070007,806.080017,808.01001,808.01001,9636500
1199,820.5,826,811.799988,815.559998,815.559998,7309300
1200,816,832.5,796,827.599976,827.599976,12254600
1201,822.169983,831.780029,812,816.880005,816.880005,9987500
1202,834.5,834.599976,815.710022,818.869995,818.869995,8089700
1203,820.859985,827.710022,785,820.22998,820.22998,11549500
1204,813.51001,824.75,801.690002,805.809998,805.809998,7255600
1205,808.75,835,804.210022,835,835,11812500
1206,858,899,854.099976,898.099976,898.099976,14939500
1207,894.700012,908.659973,871,881.559998,881.559998,13565600
1208,888.119995,897.940002,880.099976,882.960022,882.960022,7949500
1209,889.880005,895.75,858.440002,864.380005,864.380005,8887700
1210,877.840027,886.52002,866.200012,885.659973,885.659973,7811900
1211,919,950,909.159973,949.919983,949.919983,14174700
1212,940.01001,954.440002,923.929993,940.669983,940.669983,11388200
1213,991.880005,1027.47998,982.5,1025.050049,1025.050049,18563400
1214,990.200012,1018.960022,972,972.840027,972.840027,15916500
1215,980,987.97998,912.599976,935.280029,935.280029,16730200
1216,917.789978,998.840027,908.5,990.900024,990.900024,15697200
1217,1011.849976,1012.880005,962.390015,982.130005,982.130005,14051100
1218,987.710022,1005,982.570007,991.789978,991.789978,9869400
1219,1003,1019.200012,994.469971,1003.960022,1003.960022,9751900
1220,1012.780029,1015.969971,991.340027,1000.900024,1000.900024,8679700
1221,999.950012,1008.880005,990.02002,994.320007,994.320007,6362400
1222,998.880005,1012,994.01001,1001.780029,1001.780029,6365300
1223,994.109985,1000.880005,953.140015,960.849976,960.849976,10959600
1224,954.27002,985.97998,937.150024,985.97998,985.97998,9254500
1225,994.780029,995,954.869995,959.73999,959.73999,8854900
1226,969.01001,1010,948.52002,1009.349976,1009.349976,9026400
1227,1006.5,1087.689941,1003.72998,1079.810059,1079.810059,16918500
1228,1083,1135.329956,1080.5,1119.630005,1119.630005,13326900
1229,1221.47998,1228,1185.599976,1208.660034,1208.660034,17250100
1230,1276.689941,1377.790039,1266.040039,1371.579956,1371.579956,20569900
1231,1405.01001,1429.5,1336.709961,1389.859985,1389.859985,21489700
1232,1405,1417.26001,1311.339966,1365.880005,1365.880005,16311300
1233,1396.98999,1408.560059,1351.280029,1394.280029,1394.280029,11717600
1234,1396,1548.920044,1376.01001,1544.650024,1544.650024,23337600
1235,1659,1794.98999,1471.109985,1497.060059,1497.060059,38985400
